"unidenominacao","uniendereco","unilatitude","unilongitude"
"9ª SUPERINTENDÊNCIA REGIONAL DE POLÍCIA RODOVIÁRIA FEDERAL","Av. A. J. Renner, 2701 - Parque Humaitá","S 29G 58M ","W 51G 10M "
"DEL.14 - Delegacia de Sarandi","Rodovia BR 386, Km 135","-27.968028","-52.907778"
"DEL.01 - Delegacia de Porto Alegre","Rodovia BR-116, KM 243,5","-29.736583","-51.150361"
"DEL.03 - Delegacia de Osório","Rodovia BR-101, km 94,3","-29.857528","-50.248083"
"DEL.02 - Delegacia de Eldorado do Sul","BR-290, Km 111","-30.036361","-51.327972"
"DEL.04 - Delegacia de Lajeado","Rodovia BR 386, Km 340","-29.432222","-52.011611"
"DEL.05/PST.01 - Posto de Parnaíba","BR- 343, km 33","-3.0981560","-41.780153"
"DEL.05 - Delegacia de Caxias do Sul","BR-116, Km 147 - Bairro de Lazzer","-29.150028","-51.145056"
"DEL.06 - Delegacia de Vacaria","BR-116, Km 036","-28.492611","-50.911056"
"DEL.07 - Delegacia de Pelotas","Rodovia BR-116, km 516,1","S 31G 40M ","W 52G 20M "
"DEL.08 - Delegacia de Passo Fundo","BR-285, Km 291","-28.235972","-52.377944"
"DEL.09 - Delegacia de Santa Maria","Avenida Ângelo Bolson, 1188","-29.678722","-53.778139"
"DEL.10 - Delegacia de Ijuí","BR-285, Km 462","-28.416111","-53.924722"
"DEL.04/PST.01 - Posto de Picos","BR-316, Km 292","-7.0046640","-41.593325"
"DEL.11 - Delegacia de Santana do Livramento","BR-158, Km 560","-30.848972","-55.479889"
"DEL.02/PST.01- Posto Piripiri","BR-343, Km 192","-4.3150000","-41.777875"
"DEL.12 - Delegacia de São Borja","BR-285, Km 673","-28.671778","-55.964083"
"DEL.13 - Delegacia de Uruguaiana","Rodovia BR-290, km 723","-29.799194","-57.010139"
"DEL.01/PST.01 - Posto de São Leopoldo","BR-116, Km 243,5","-29.736583","-51.150361"
"DEL.02/PST.01 - Posto de Eldorado do Sul","BR-290, Km 111","-30.036361","-51.327972"
"DEL.03/PST.01 - Posto de Osório","BR-101, Km 094,3","-29.857528","-50.248083"
"DEL.04/PST.02 - Posto de Valença","BR-316, Km 207","-6.3409860","-41.814644"
"DEL.04/PST.01 - Posto de Lajeado","BR-386, Km 340","-29.432222","-52.011611"
"DEL.05/PST.01 - Posto de Caxias do Sul","BR-116, Km 147 - Bairro de Lazzer","-29.150028","-51.145056"
"DEL.06/PST.01 - Posto de Vacaria","BR-116, Km 036","-28.492611","-50.911056"
"DEL.07/PST.01 - Posto de Pelotas","BR-116, Km 516,1","-31.671139","-52.340611"
"DEL.08/PST.01 - Posto de Passo Fundo","BR-285, Km 291","-28.235972","-52.377944"
"DEL.09/PST.01 - Posto de Santa Maria","BR-158, Km 319","-29.678722","-53.778139"
"DEL.04/PST.03 - Posto Alegrete","BR-316, Km 380","-7.1876690","-40.896700"
"DEL.10/PST.01 - Posto de Ijuí","BR-285, Km 462","-28.416111","-53.924722"
"DEL.11/PST.01 - Posto de Santana do Livramento","BR-158, Km 565","-30.848972","-55.479889"
"DEL.12/PST.01 - Posto de São Borja","BR-285, Km 673","-28.671778","-55.964083"
"DEL.07/PST.02 - Posto Comodoro - DESATIVADO","Comodoro","          ","          "
"DEL.13/PST.01 - Posto de Uruguaiana","BR-290, Km 713","-29.799194","-57.010139"
"DEL.01/PST.03 - Posto de Gravataí","BR-290, Km 070, Bairro Morada Gaúcha","-29.948389","-50.957944"
"DEL.03/PST.02 - Posto de S. Antônio da Patrulha","Rodovia BR 290, Km 19,1","-29.884972","-50.446222"
"DEL.03/PST.01 - Posto Floriano","BR-343, Km 587","-6.8042860","-43.050767"
"DEL.04/PST.03 - Posto de Montenegro","BR-386, Km 422","-29.817917","-51.382722"
"DEL.13/PST.02 - Posto de Alegrete","BR-290, Km 586","-29.806667","-55.846556"
"DEL.12/PST.02 - Posto de Santiago","BR-287, Km 393","-29.220278","-54.841861"
"DEL.06/PST.02 - Posto de Lagoa Vermelha","BR-285, Km 197","-28.220194","-51.509056"
"DEL.10/PST.02 - Posto de Cruz Alta","BR-158, Km 196","-28.657500","-53.589167"
"DEL.03/PST.03 - Posto de Torres","BR-101, Km 050","S 29G 36M ","W 50G 5M 6"
"DEL.03/PST.04 -","BR-101, Km 003","S 29G 19M ","W 49G 46M "
"20ª SUPERINTENDÊNCIA REGIONAL DE POLÍCIA RODOVIÁRIA FEDERAL","Av. Maranhão, 1890 - Bairro Santos Dumont","-10.902275","-37.078622"
"DEL.02/PST.02 - Posto Alto Alegre","BR-222, Km 010","-3.9721390","-41.332967"
"DEL.01/PST.01 - Posto de Nossa Sra do Socorro","BR-235, KM  03","S 10G 56M ","W 37G 13M "
"NÚCLEO DE COMUNICAÇÃO SOCIAL","BR 116 km 163 - VIGÁRIO GERAL","          ","          "
"DEL.02/PST.02 - Posto de Malhada dos Bois","BR-101, KM  23","S 10G 54M ","W 37G 6M 3"
"DEL.02 - São Cristóvão","BR 101, KM 104 s/n São Cristóvão","S 10G 43M ","W 37G 25M "
"DEL.01/PST.01 - Posto Teresina","BR-343, Km 338","-5.0627640","-42.703461"
"DEL.02/PST.01 - Posto de São Cristóvão","BR 101, KM 104 s/n São Cristóvão","S 10G 43M ","W 37G 25M "
"DEL.02/PST.03 - Posto de Cristinápolis","BR-101, KM  201","S 10G 20M ","W 37G 42M "
"DEL.01/PST.02 - Posto Teresina II","BR-316, Km 012","-5.1994920","-42.758539"
"DEL.01/PST.02 - Posto de Itabaiana","BR-235, KM 051","S 10G 56M ","W 37G 13M "
"DEL.01/PST.03 - Posto de Carira - DASATIVADO","BR- 235, KM  113 (Temporariamente Desativado)","S 11G 28M ","W 37G 45M "
"3ª SUPERINTENDÊNCIA REGIONAL DE POLÍCIA RODOVIÁRIA FEDERAL","Rua Antonio Maria Coelho, 3033","-20.454167","-54.601111"
"DEL.01 - Delegacia de Campo Grande","Rua Cadiz, 270 - Vila Alba","S 23G 3M 4","W 54G 12M "
"DEL.01/PST.01 - Campo Grande","BR-163, KM-463","S 20G 41M ","W 54G 33M "
"DEL.01/PST.02 - Jaraguari","BR-163, Km 530","S 20G 4M 4","W 54G 25M "
"DEL.01/PST.03 - Terenos","BR-262, Km 383","S 20G 25M ","W 54G 52M "
"Seção de Policiamento e Fiscalização","Av. João XXIII  n.º 1516   B. dos Noivos","          ","          "
"DEL.02 - Delegacia de Nova Alvorada do Sul","BR-267, Km 240","S 21G 29M ","W 54G 18M "
"DEL.02/PST.01 - Nova Alvorada do Sul","BR-267, Km 240","S 21G 29M ","W 54G 18M "
"DEL.02/PST.02 - Rio Brilhante","BR-163, Km 323,0","S 21G 46M ","W 54G 31M "
"DEL.02/PST.02 - Posto de Parque Eldorado","BR-290, Km 143","-30.096500","-51.646222"
"DEL.02/PST.03 - Posto de Pantano Grande","BR-290, Km 212","-30.183889","-52.350139"
"DEL.04/PST.02 - Posto de Tabaí","BR-386, Km 385","-29.690806","-51.711639"
"DEL.04/PST.04- Posto de Soledade","BR-386, Km 242","-28.796917","-52.516833"
"DEL.05/PST.03 - Posto de São Marcos","Rodovia BR 116, Km 110 Bairro Morro Carraro","-29.385250","-51.124306"
"DEL.05/PST.02 - Nova Petrópolis","Rodovia BR 116, Km 184 Bairro Centro","-28.937472","-51.094833"
"DEL.01/PST.03 - Posto Campo Maior","BR-343, Km 273","-4.8204560","-42.159247"
"21ª SUPERINTENDÊNCIA REGIONAL DE POLÍCIA RODOVIÁRIA FEDERAL","Av. Pinheiro Machado, 1276, Centro","-8.7588890","-63.901111"
"DEL.07/PST.02 - Posto de Rio Grande","BR-392, Km 028,5","S 32G 3M 3","W 52G 16M "
"DEL.07/PST.03 - Posto de Arroio Grande","BR-116, Km 610,9","-32.235133","-53.060611"
"DEL.07/PST.04 - Posto de Pinheiro Machado","Rodovia BR 293 Km 105,3","-31.578861","-53.363194"
"DEL.02/PST.04 - Posto de Camaquã","BR-116, Km 391,7","-30.832944","-51.732583"
"DEL.07/PST.05 - Posto de Sta. Vitória do Palmar","BR-471, Km 631,2","-33.525778","-53.341111"
"DEL.14/PST.02 - Posto de Carazinho","Rodovia BR 386, Km 340","-28.318806","-52.821889"
"DEL.14/PST.01 - Posto de Sarandi","Rodovia BR 386, Km 135","-27.968028","-52.907778"
"DEL.08/PST.02 - Posto de Erechim","BR-153, Km 038","-27.574694","-52.222806"
"DEL.14/PST.03 - Posto de Seberi","Rodovia BR 386, Km 51","-27.503389","-53.387389"
"DEL.09/PST.02 - Posto de Caçapava do Sul","BR-392, Km 257","-30.493111","-53.478278"
"DEL.09/PST.03 - Posto de São Gabriel","Rodovia BR 290, Km 417","-30.359167","-54.332333"
"DEL.11/PST.02 - Posto de Dom Pedrito","BR-293, Km 247","-30.988889","-54.633694"
"DEL.11/PST.03 - Posto de Rosário do Sul","BR-290, Km 479","-30.242750","-54.923222"
"DEL.11/PST.04 - Posto de Bagé","BR-293, Km 173","-31.325333","-53.985583"
"DEL.01 - Porto Velho","BR-364, Km 698","-8.8000000","-63.761667"
"DEL.02 - Ji-Paraná","BR-364, Km 352","-10.826944","-62.013889"
"DEL.03 - Ariquemes/RO","BR-364, Km 208","S 11G 35M ","W 61G 14M "
"DEL.04 - Vilhena","BR-364, Km 000,3","-12.832778","-60.074167"
"DEL.05 - Rio Branco","BR-364, Km 127, (extinto DNER)","-10.011944","-67.795278"
"DEL.05/PST.01 - Posto de Rio Branco/ AC 01","BR-364, Km 117","S 10G 0M 4","W 67G 42M "
"DEL.04/PST.01 - Posto de Vilhena","BR-364, Km 000,3","-12.832778","-60.074167"
"1ª SRPRF/GO ? NÚCLEO DE REGISTRO DE ACIDENTES E MEDICINA","AV DO DESVIO CHÁC. N. SRA DA PIEDADE LTS 25/26 JD GUANABARA","          ","          "
"2ª SRPRF/MT ? NÚCLEO DE REGISTRO DE ACIDENTES E MEDICINA","RUA JOAQUIM MURTINHO N° 1.400 - BAIRRO CENTRO SUL","          ","          "
"DEL.03/PST.03- Itapuã/ RO 03","BR-364, Km 208","          ","          "
"DEL.03/PST.01- Ariquemes/RO 01","BR-364, Km 208","S 11G 35M ","W 61G 14M "
"DEL.02/PST.01 - Posto de Ji-Paraná","BR-364, Km 352","S 10G 49M ","W 62G 0M 5"
"DEL.03 - Delegacia de Anastácio","Rua Coronel Zelito, 33 - Bairro Altos da Cidade","S 23G 3M 4","W 54G 12M "
"DEL.03/ Pst.02 - Miranda Guaicurus","BR-262, Km 606,0","S 20G 5M 3","W 56G 44M "
"DEL.02/PST.02 - Pimenta Bueno/ RO 02","BR-364, Km 432","          ","          "
"DEL.03/ Pst.01 - Anastácio","BR-419, Km 260","S 20G 38M ","W 55G 52M "
"DEL.03/ Pst.03 - Corumbá","BR-262, Km 714,0","S 19G 30M ","W 57G 25M "
"DEL.04 - Delegacia de Dourados","BR-163, Km 267","S 22G 12M ","W 54G 42M "
"DEL.04/ Pst.01 - Dourados","BR-163, Km-267","S 22G 12M ","W 54G 42M "
"DEL.04/ Pst.03 - Ponta Porã - Capey","Ponta Porã","S 22G 27M ","W 55G 23M "
"DEL.04/ Pst.02 - Caarapó","Caarapó","          ","          "
"DEL.05 - Delegacia de Jardim","R. Coronel Juvencio, 134 - Centro","S 21G 28M ","W 56G 8M 1"
"DEL.05/ Pst.01 - Guia Lopes da Laguna","BR-267, Km 470,0","S 21G 25M ","W 56G 3M 4"
"DEL.10 - Naviraí","BR-163, Km 130","S 23G 3M 4","W 54G 12M "
"DEL.06 - Coxim","BR-163, KM-733,0","S 18G 28M ","W 54G 42M "
"3ª SRPRF/MS ? NÚCLEO DE REGISTRO DE ACIDENTES E MEDICINA","RUA ANTONIO MARIA COELHO, 3033","          ","          "
"4ª SRPRF/MG ? NÚCLEO DE REGISTRO DE ACIDENTES E MEDICINA","PÇ. ANTÔNIO MOURÃO GUIMARÃES, S/N CID.IND.","          ","          "
"DEL.06/ Pst.01 - Coxim","BR-163, KM-733,0","S 18G 28M ","W 54G 42M "
"DEL.06/ Pst.02 - São Gabriel DOeste","BR-163, Km 611,0","S 19G 24M ","W 54G 33M "
"DEL.07 - Bataguassu","BR-267, Km 019,0","S 21G 43M ","W 52G 17M "
"DEL.07/ Pst.01 - Bataguassu","BR-267, KM-019,0","S 21G 43M ","W 52G 17M "
"DEL.07/ Pst.02 -  Nova Andradina","BR-267, Km 130,0","S 21G 44M ","W 53G 18M "
"DEL.10/ Pst.02 - Mundo Novo","BR-163, Km 023,0","S 23G 54M ","W 54G 17M "
"DEL.08 -  Três Lagoas","Av. Aldair Rosa Oliveira 518, CENTRO","S 20G 47M ","W 51G 43M "
"DEL.08/ Pst.01 - Três Lagoas","BR-262, Km 021,0","S 20G 48M ","W 51G 48M "
"DEL.08/ Pst.02 - Água Clara","BR-262, Km 140,0","S 20G 26M ","W 52G 51M "
"DEL.09 - Paranaíba","R. Clementina Maria de Freitas, 199, Jd. Sta. Monica","S 23G 3M 4","W 54G 12M "
"DEL.09/ Pst.01 - Paranaíba","BR-158, Km 089.0","S 19G 38M ","W 51G 12M "
"DEPARTAMENTO DE POLÍCIA RODOVIÁRIA FEDERAL","Avenida W3 Norte, SEPN 506, bloco C, Projeção 08","-15.770269","-47.888675"
"4ª SUPERINTENDÊNCIA REGIONAL DE POLÍCIA RODOVIÁRIA FEDERAL","Pç. Antônio Mourão Guimarães, s/n Cidade Industrial","-19.955000","-44.025278"
"DEL.01 -  Delegacia Metropolitana","Rua 7, nº 140 - Bairro Olhos D'Água","S 23G 3M 4","W 54G 12M "
"DEL.01/PST.01 - Posto de Sabará","BR-381, Km 436,9 - Bairro Borba Gato","-19.826944","-43.837222"
"DEL.01/PST.02 - Posto da Nova Lima","BR-040, Km 554","-20.081944","-43.979167"
"1ª SUPERINTENDÊNCIA REGIONAL DE POLÍCIA RODOVIÁRIA FEDERAL","Av do Desvio Chác. N. Sra da Piedade Lts 25/26 Jd Guanabara","          ","          "
"DEL.01 -  Delegacia de Goiânia","Av do Desvio, Lts 25/26 Jd Guanabara","S 16G 36M ","W 49G 12M "
"DEL.02 - Delegacia de Anápolis","BR-060, Km 110","S 16G 21M ","W 48G 55M "
"DEL.03 - Delegacia de Morrinhos","Rodovia BR 153 km 595 Morrinhos","S 17G 37M ","W 49G 10M "
"DEL.04 - Delegacia de Rio Verde","Rodovia BR 060 km 439,1","S 17G 47M ","W 50G 53M "
"DEL.05 - Delegacia de Jataí","Rodovia BR 060 km 450","S 17G 55M ","W 51G 41M "
"DEL.01/PST.03 - Posto Cleyton Santos","BR-153, Km 525","          ","          "
"16ª SUPERINTENDÊNCIA REGIONAL DE POLÍCIA RODOVIÁRIA FEDERAL","BR-116, Km 006 Bairro Cajazeiras","-3.8035280","-38.504203"
"DEL.01 - Delegacia de Caucaia","BR 222 KM 11","-3.7661360","-38.663200"
"DEL.01/PST.01 - Posto Campo Grande","BR 222 KM 11","-3.7661360","-38.663200"
"DEL.02/PST.03 - Posto Maranguape","BR-020, Km 371","-3.9748110","-38.903669"
"DEL.02 - Delegacia de Canindé","BR-020, Km 304","-4.3867190","-39.312531"
"DEL.02/PST.01 - Posto Canindé","BR-020, Km 310","-4.3338890","-39.286800"
"DEL.02/PST.02 - Posto Boa Viagem","BR-020, KM 208","-5.0893110","-39.711311"
"DEL.03 - Delegacia de Russas","Av. Gov. Raul Barbosa, 502 - Alto da Bela Vista","-4.9366190","-37.983656"
"DEL.03/PST.01 - Posto Russas","BR-116, Km 158","-4.9157810","-37.998058"
"DEL.03/PST.02 - Posto Chorozinho","BR-116, Km 070","-4.3442940","-38.458553"
"DEL.03/PST.03 - Posto Aracati","BR-304, Km 053","-4.5758190","-37.731917"
"DEL.04 - Delegacia de Sobral","Av. Senador Fernandes Távora, s/n - Sinhá Sabóia","-3.7086140","-40.336064"
"DEL.04/PST.01 - Posto Sobral","BR-222, KM 224","-3.7190610","-40.332400"
"DEL.04/PST.02 - Posto Tianguá","BR-222, Km 314","-3.7131890","-40.986000"
"DEL.04/PST.03 - Posto Irauçuba","BR-222, Km 150","-3.7440610","-39.797200"
"DEL.05 - Delegacia de Icó","Rua Ilídio Sampaio, 2036 - Centro","-6.4004170","-38.860672"
"DEL.05/PST.01 - Posto Icó","BR-116, KM 368","-6.4020440","-38.841211"
"DEL.05/PST.03 - Posto Milagres","BR-116, KM 481","-7.3136000","-38.938244"
"DEL.05/PST.02 - Posto Jaguaribe","BR-116, KM 302","-5.8666390","-38.594589"
"Seção de Policiamento e Fiscalização","BR-116, Km 006 Bairro Cajazeiras","          ","          "
"Núcleo de Operações Especiais","BR-116, Km 006 Bairro Cajazeiras","          ","          "
"DEL.01/PST.03 - Posto Croatá","BR-222, Km 060","-3.6713890","-38.086400"
"DEL.01/PST.02 - Posto BR 116","BR-116,  KM 17 (obs: posto definitivo encontra-se em constru","-3.9083530","-38.504833"
"14ª SUPERINTENDÊNCIA REGIONAL DE POLÍCIA RODOVIÁRIA FEDERAL","BR-230, Km 023 - N° 2257 - Cristo Redentor","S 7G 9M 51","W 34G 51M "
"DEL.01 - Delegacia Metropolitana","BR 230 - Km 23 nº 2257 Bairro: Cristo Redentor","S 7G 9M 51","W 34G 51M "
"DEL.02 - Delegacia de Campina Grande","Av.  Severino Bezerra Cabral, s/n ? Bairro José Pinheiro","S 23G 3M 4","W 54G 12M "
"DEL.03 - Delegacia de Patos","Rua Horácio Nóbrega, s/nº - Bairro: Belo Horizonte","S 23G 3M 4","W 54G 12M "
"DEL.01/PST.01 - Posto Bayeux","BR-230, Km 32","S 7G 8M 26","W 34G 55M "
"DEL.01/PST.02 - Posto  Guapó","BR-060, Km 168","          ","          "
"DEL.01/PST.02 - Posto de Macaíba","BR-304, Km 294","S 5G 52M 2","W 35G 22M "
"DEL.01/PST.02 - Posto Mata Redonda","BR-101, Km 108","S 7G 22M 3","W 34G 56M "
"DEL.01/PST.03 - Posto Café do Vento","BR-230, Km 070","S 7G 11M 3","W 35G 13M "
"DEL.01/PST.04 - Posto Mamanguape","BR-101, Km 38","S 6G 49M 1","W 35G 8M 2"
"DEL.02/PST.01 - Posto de Santa Terezinha","BR-230, Km 143,6","S 7G 15M 1","W 35G 49M "
"DEL.02/PST.02 - Posto Farinha","BR-230, Km 183","S 7G 9M 20","W 36G 5M 2"
"DEL.02/PST.03 - Posto de Queimadas","BR-104, Km 142","S 7G 22M 2","W 35G 53M "
"DEL.02/PST.05 - Posto de São Miguel","BR 104 - KM 93 - SÃO MIGUEL","S 6G 59M 2","W 35G 49M "
"DEL.03/PST.01 - Posto de São Mamede","BR-230, Km 310","S 6G 55M 3","W 37G 4M 9"
"DEL.03/PST.02 - Posto de Pombal","BR-230, Km 408","S 6G 46M 1","W 37G 47M "
"DEL.03/PST.03 - Posto de Cajazeiras","BR-230, Km 512","S 6G 53M 8","W 38G 37M "
"DEL.01/PST.01 - Posto Leônidas Sisteroli","BR-060, Km 131,8","          ","          "
"DEL.02/PST.01 - Posto  Anápolis","BR-060, Km 98","S 16G 20M ","W 48G 54M "
"DEL.02/PST.02 - Posto Rianápolis","BR-153, Km 350","          ","          "
"5ª SRPRF/RJ ? NÚCLEO DE REGISTRO DE ACIDENTES E MEDICINA","ROD. PRESID. DUTRA, KM 163 - VIGÁRIO GERAL","          ","          "
"6ª SRPRF/SP ? NÚCLEO DE REGISTRO DE ACIDENTES E MEDICINA","RUA CIRO SOARES DE ALMEIDA, 150 VL MARIA","          ","          "
"8ª SRPRF/SC ? NÚCLEO DE REGISTRO DE ACIDENTES E MEDICINA","RUA ÁLVARO MULLEN DA SILVEIRA, 104 - CENTRO","          ","          "
"9ª SRPRF/RS ? NÚCLEO DE REGISTRO DE ACIDENTES E MEDICINA","AV. A. J. RENNER, 2701 - PARQUE HUMAITÁ","          ","          "
"DEL.06 - Delegacia de Catalão","BR-050, Km 278,6","S 18G 10M ","W 47G 55M "
"DEL.06/PST.01 - Posto  de Catalão","BR-050, Km 286,0","S 18G 13M ","W 47G 58M "
"Núcleo de Informações Operacionais","SEPN 506  BLOCO C PORJEÇÃO 08 - SOBRELOJA","S 23G 3M 4","W 54G 12M "
"11ª SUPERINTENDÊNCIA REGIONAL DE POLÍCIA RODOVIÁRIA FEDERAL","AVENIDA ANTONIO DE GOES, 820 - PINA","-8.0843280","-34.887392"
"Hangar","PRAÇA SALGADO FILHO, S/N - SETOR DE HANGARES, HANGAR 02","-8.1274968","-34.918496"
"DEL.01 - Delegacia Metropolitana","BR-101, Sul, Km 070 ? Cidade Universitária","S 8G 3M 7.","W 34G 56M "
"DEL.01/PST.01 -Posto Contorno","BR-101, SUL Km 070","S 8G 3M 51","W 34G 56M "
"DEL.01/PST.02 - Posto Igarassu","BR-101, NORTE Km 033","S 7G 45M 4","W 34G 56M "
"DEL.01/PST.03  - Posto Cabo","BR-408, Km 065, Bairro Novo","S 7G 51M 5","W 35G 13M "
"DEL.02 - Delegacia de Caruaru","BR-104","          ","          "
"DEL.02/PST.01 - Posto Caruaru","BR-104","          ","          "
"DEL.02/PST.02 - Posto São Caetano","BR-232","          ","          "
"DEL.03 - Delegacia Garanhuns","BR 423","          ","          "
"DEL.03/PST.01 - Posto Garanhuns","BR 423","          ","          "
"DEL.03/PST.02 - Posto Cruzeiro do nordeste","BR-232","          ","          "
"DEL.01/PST.04  - Posto Gravatá","BR-232","          ","          "
"DEL.05/PST.03 - Posto Trevo do Ibó","BR 116","          ","          "
"DEL.06/PST.03 - Posto Santa Maria da Boa Vista","BR-428","          ","          "
"DEL.01/PST.03 - Posto Campo Verde","BR-070","          ","          "
"DEL.04 - Delegacia Serra Talhada","BR-232","          ","          "
"DEL.04/PST.01 - Posto Serra Talhada","BR-232","          ","          "
"DEL.04/PST.02 -Posto Floresta","BR 316","          ","          "
"DEL.04/PST.03 - Posto São Caetano","BR-232, Km 148","-8.3297220","-36.146111"
"DEL.04/PST.04 - Posto Quipapá","BR-104, SUL Km 134, Quipapá","-8.8116670","-36.011944"
"DEL.05 - Delegacia Salgueiro","BR 116","          ","          "
"DEL.05/PST.01 - Posto Salgueiro","BR 116","          ","          "
"DEL.05/PST.02 - Posto Ouricuri","BR-316","          ","          "
"DEL.06 -Delegacia de Petrolina","BR-407","          ","          "
"DEL.06/PST.01 -Posto Petrolina","BR-407","          ","          "
"DEL.06/PST.02 - Posto Rajada","BR-407","          ","          "
"DEL.07 - Delegacia Salgueiro","R. Getúlio Vargas, 140, BL B - N. S. Aparecida","-8.0736110","-39.131667"
"DEL.07/PST.01 - Posto Salgueiro","BR-232, Km 518, Salgueiro","-8.0672220","-39.134722"
"10ª SRPRF/BA ? NÚCLEO DE REGISTRO DE ACIDENTES E MEDICINA","AV. FREDERICO PONTES, 151, COMÉRCIO","          ","          "
"11ª SRPRF/PE ? NÚCLEO DE REGISTRO DE ACIDENTES E MEDICINA","AVENIDA ANTONIO DE GOES, 820 - PINA","          ","          "
"DEL.07/PST.04 - Posto Agua Doce","BR-153, Km 11","          ","          "
"DEL.08/PST.03 - Posto Guaraciaba","BR-163 km 080","          ","          "
"DEL.07/PST.02 - Posto Ouricuri","BR-316, Km 083, Ouricuri","-7.8782750","-40.078039"
"DEL.07/PST.03 - Posto do Trevo do Ibó","BR-428, Km 000, Trevo do Ibó, Belém do São Francisco","-8.5484360","-39.226081"
"DEL.08 - Delegacia Petrolina","BR-428, Km 186 ? Petrolina","-9.3587830","-40.480786"
"DEL.08/PST.01 - Posto Serra da Santa","BR-428, Km 166, Serra da Santa","-9.1994390","-40.391064"
"DEL.08/PST.02 - Posto Rajada","BR-407, Km 043, Rajada","-8.7572220","-40.894167"
"DEL.08/PST.03 - Posto Santa Maria Boa Vista","BR-428, Km 083","-8.7872220","-39.822222"
"12ª SUPERINTENDENCIA REGIONAL DE POLICIA RODOVIARIA FEDERAL","AV MAL MASCARENHAS DE MORAIS, 2214 - BENTO FERREIRA","-20.318578","-40.305997"
"DEL.01 - Delegacia de Viana","BR-262, Km 15 -   Ribeira","-20.382814","-40.459781"
"DEL.01/PST.01 - Posto de Viana","BR-262, Km 15 -  Ribeira","-20.382814","-40.459781"
"DEL.01/PST.02 - Posto de Ibatiba","BR-262, Km 159","-20.237600","-41.513700"
"DEL.02 - Delegacia de Serra","BR-101, Km 250 ? Belvedere","S 20G 5M 5","W 40G 20M "
"DEL.02/PST.01 - Posto da Serra","BR-101, Km 250 ? Belvedere","-20.097225","-40.339583"
"DEL.03 - Delegacia de Guarapari","BR-101, Km 343","-20.658633","-40.613497"
"DEL.03/PST.01 - Posto de Guarapari","BR 101 KM 343","-20.924108","-41.078128"
"DEL.03/PST.02 - Posto de Safra","BR 101 KM 411","-20.658633","-40.613497"
"DEL.04 - Delegacia de Linhares","Av. São Mateus, 640 ? Aviso","-19.404444","-40.058222"
"DEL.04/PST.01 - Posto de Linhares","BR-101, Km 151","-19.422286","-40.078000"
"DEL.04/PST.02 - Posto de Sao Mateus","BR-101, Km 056,5","-18.648900","-39.873800"
"2ª SUPERINTENDENCIA REGIONAL DE POLÍCIA RODOVIÁRIA FEDERAL","Rua Joaquim Murtinho n° 1.400 - Bairro Centro Sul","-15.605833","-56.103889"
"DEL.01 - Delegacia de Cuiabá","BR-364, Km 388","-15.701111","-55.873611"
"DEL.02 - Delegacia de Rondonópolis","BR-364, Km 212","-16.416944","-54.706667"
"DEL.03 - Delegacia de Cáceres","BR-174, Km 006","-16.029722","-57.728333"
"DEL.04 - Delegacia de Diamantino","BR-364, Km 587","-14.531944","-56.230556"
"DEL.05 - Delegacia de Primavera do Leste","BR-070, Km 286","-15.577222","-54.378611"
"DEL.06 - Delegacia de Sorriso","BR-163, Km 733","-12.697500","-55.811111"
"DEL.07 - Delegacia de Pontes e Lacerda","BR-174, Km 226","-15.196111","-59.322778"
"DEL.08 - Delegacia de Barra do Garças","BR-158, Km 789","-15.815556","-52.302778"
"DEL.08/PST.01 - Posto Barra do Garças","BR-158, Km 789","-15.815556","-52.302778"
"DEL.08/PST.02 - Posto Água Boa","BR-158, Km 569","-14.086944","-52.160833"
"DEL.01/PST.01 - Posto Cuiabá","BR-364, Km 388","-15.701111","-55.873611"
"DEL.11/NPF - Núcleo de Policiamento e Fiscalização","BR-365, km 413","          ","          "
"DEL.01/PST.02 - Posto São Vicente","BR-364, Km 271","-15.818333","-55.332222"
"DEL.04/PST.02 - Posto Várzea Grande","BR-364, Km 435","S 15G 38M ","W 56G 11M "
"DEL.02/PST.01 - Posto Rondonópolis","BR-364, Km 212","-16.416944","-54.706667"
"DEL.02/PST.02 - Posto Mineirinho","BR-163, Km 048","S 17G 5M 2","W 54G 45M "
"DEL.02/PST.03 - Posto Petrovina","BR-364, Km 130","-16.786667","-54.152222"
"DEL.02/PST.04 - Posto Alto Garças","BR-364, Km 048","-17.025278","-53.488611"
"DEL.03/PST.01 - Posto Cáceres","BR-174, Km 006","-16.029722","-57.728333"
"DEL.03/PST.02 - Posto 120","BR-070, Km 633","-15.942778","-57.079722"
"DEL.04/PST.01 - Posto Diamantino","BR-364, Km 587","-14.531944","-56.230556"
"DEL.05/PST.01 - Posto Primavera do Leste","BR-070, Km 286","-15.577222","-54.378611"
"DEL.05/PST.02 -","BR-070, Km 385","S 15G 36M ","W 55G 11M "
"DEL.06/PST.01 - Posto Sorriso","BR-163, Km 733","-12.697500","-55.811111"
"DEL.06/PST.02 - Posto Nova Santa Helena","BR-163, Km 945","-10.923611","-55.203333"
"DEL.07/PST.01 - Posto Pontes e Lacerda","BR-174, Km 226","-15.195833","-59.322778"
"SEDE - CIOP","Rua Joaquim Murtinho n° 1400, Bairro Porto","          ","          "
"NOE","BR-364, Km 388","          ","          "
"1º DISTRITO REGIONAL DE POLÍCIA RODOVIÁRIA FEDERAL","BR-040, KM 001 ALFA - SANTA MARIA","S 15G 58M ","W 47G 59M "
"2º DISTRITO REGIONAL DE POLÍCIA RODOVIÁRIA FEDERAL","QUADRA 103 SUL, SO 11 LOTE 30 PALMAS","-10.191217","-48.340661"
"3º DISTRITO DE POLÍCIA RODOVIÁRIA FEDERAL","Avenida Mário Ipiranga 2479, conjunto DNER, bairro Parque 10","-3.0808780","-60.024853"
"4º DISTRITO DE POLÍCIA RODOVIÁRIA FEDERAL","BR- 210, KM 00 Nº 201 - SÃO LÁZARO","0.0765280 ","-51.060139"
"5º DISTRITO REGIONAL DE POLÍCIA RODOVIÁRIA FEDERAL","RUA PROFESSOR DIOMEDES, SÃO VICENTE, BOA VISTA","0.0765280 ","-51.060139"
"PST.01 - Posto de Gurupi","BR-153, KM  762","S 12G 29M ","W 49G 6M 4"
"PST.02 - Posto Paraiso","BR- 153, KM  668","S 11G 40M ","W 49G 3M 5"
"PST.03 - Posto Guaraí","BR-153, KM 496","S 10G 11M ","W 48G 52M "
"PST.04 - Posto Araguaína","BR-153, KM 329","S 8G 49M 1","W 48G 30M "
"PST.05 - Posto de Palmeiras","BR- 153, KM 156","S 7G 8M 9,","W 48G 12M "
"PST.06 -","BR- 226/230, KM  7","S 6G 36M 3","W 47G 32M "
"PST.01 - Posto Macapá","BR- 210, KM 08, ZONA RURAL","0.1075280 ","-51.126800"
"10ª SUPERINTENDÊNCIA REGIONAL DE POLÍCIA RODOVIÁRIA FEDERAL","Av. Frederico Pontes, 151, Comércio","-12.960356","-38.503447"
"DEL.01 - Simões Filho","BR 324, KM 604","S 12G 47M ","W 38G 24M "
"DEL.02 - Feira de Santana","BR 116, KM 463","S 12G 22M ","W 39G 1M 2"
"15ª SUPERINTENDÊNCIA REGIONAL DE POLÍCIA RODOVIÁRIA FEDERAL","Av. Nascimento de Castro, 1540, Lagoa Nova","          ","          "
"DEL.04 - Altamira","BR- 230, KM  625","-3.1736220","-52.168411"
"Seção de Policiamento e Fiscalização","Av. Nascimento de Castro 1540 Bairro Lagoa Nova","          ","          "
"Núcleo de Operações Especiais","Av. Romoaldo Galvão s/n Bairro Lagoa Seca","          ","          "
"DEL.01 - Delegacia de Macaíba","BR 304, KM 299, Bairro Ferreiro Torto","S 5G 52M 0","W 35G 20M "
"DEL.01/PST.01 - Posto de São José do Mipibu","BR-101, Km 118","S 6G 1M 6,","W 35G 15M "
"DEL.01/PST.03 - Posto de Lajes","BR-304, Km 193","S 5G 42M 2","W 36G 13M "
"DEL.02 - Delegacia de Ceará-Mirim","BR 304, KM 299, Bairro Ferreiro Torto","S 23G 3M 4","W 54G 12M "
"DEL.02/PST.01 - Posto de Ceará-Mirim","BR-406, Km 158","S 5G 42M 3","W 35G 22M "
"DEL.03 - Delegacia de Currais Novos","BR-226, Km 177","S 23G 3M 4","W 54G 12M "
"DEL.03/PST.01 - Posto de Campo Redondo","BR-226, Km 137","S 6G 12M 4","W 36G 10M "
"DEL.03/PST.02 - Posto da Serra da Rajada","BR-427, Km 040","S 6G 32M 3","W 36G 39M "
"DEL.04 - Delegacia de Mossoró","Av. Francisco Mota, s/n, Alto de São Manoel","          ","          "
"DEL.04/PST.01 - Posto de Mossoró","BR-304, Km 049","S 5G 4M 42","W 37G 19M "
"DEL.04/PST.02 - Posto de Mossoró 2","BR-304, Km 025","S 5G 4M 42","W 37G 19M "
"DEL.03 - Jequié","BR-116, Km 713","-13.874408","-40.040100"
"DEL.04 - Senhor do Bomfim","BR-407, Km 117","-10.399400","-40.174700"
"DEL.05 - Delegacia Itabuna","BR 101, KM 508","-14.770600","-39.292400"
"DEL.06 - Seabra","BR-242, Km 280","-12.467300","-41.743900"
"DEL.07 - Paulo Afonso","BR 110, KM 002","-9.4504280","-38.202075"
"DEL.08 - Vitória da Conquista","BR-116, Km 866","-14.911400","-40.875000"
"DEL.09 - Eunápolis","BR-101, Km 717","S 16G 26M ","W 39G 35M "
"DEL.10 - Barreiras","BR 242, KM 813","-12.118800","-45.056700"
"DEL.01/PST.01 - Simões Filho","BR-324, Km 604","-12.793000","-38.404556"
"DEL.01/PST.02 - Santo Antonio de Jesus","BR-101, Km 263","S 12G 58M ","W 39G 26M "
"DEL.01/PST.03 - Humildes","BR 101, KM 101","S 12G 6M 2","W 38G 22M "
"DEL.01/PST.04 - Alagoinhas","BR 101, KM 101","S 12G 6M 2","W 38G 22M "
"Núcleo de Policiamento e Fiscalização - Posto PRF 01","BR 174, km 512","          ","          "
"13ª SUPERINTENDÊNCIA REGIONAL DE POLÍCIA RODOVIÁRIA FEDERAL","R. Comendador Almeida Guimarães,22 Pajuçara","-9.6736080","-35.717775"
"Seção de Policiamento e Fiscalização","R. COMENDADOR ALMEIDA GUIMARÃES, 22 PAJUÇARA","          ","          "
"Núcleo de Operações Especiais","R. COMENDADOR ALMEIDA GUIMARÃES, 22 PAJUÇARA","          ","          "
"DEL.01 -  Pedrinhas","BR- 135, KM 14 ? Pedrinhas","-2.6382970","-44.270567"
"DEL.01 - Maceió","BR-104, Km 097,6 - Tabuleiro do Martin","-9.5658580","-35.777275"
"DEL.01/PST.01 - Maceió","BR-104, Km 097,6 - Tabuleiro do Martins","-9.5658580","-35.777275"
"DEL.01/PST.02 - Novo Lino","BR-101, Km 009","-8.9410750","-35.661753"
"DEL.03/PST.02- Jaru/ RO 02","BR-364, Km 208","          ","          "
"DEL.01/PST.03 - União dos Palmares","BR-104, Km 036 União dos Palmares","-9.1724140","-36.021839"
"DEL.02 - Atalaia","BR-316, Km 247","S 9G 33M 1","W 35G 58M "
"DEL.02/PST.01 - Posto de Atalaia","BR-316, Km 247","-9.5534190","-35.977642"
"DEL.02/PST.02 - Posto São Sebastião","BR-101, Km 206","-9.9639110","-36.543769"
"DEL.02/PST.03 -","BR-101, Km 138","S 9G 48M 2","W 36G 6M 5"
"DEL.03 - Palmeira dos Índios","BR-316, Km 152,2","-9.4294940","-36.643167"
"DEL.03/PST.01 - Posto de Palmeira dos Índios","BR-316, Km 152,2","-9.4294610","-36.643233"
"DEL.03/PST.02 - Posto Carié","Ent. BR-316, Km 51 / BR-423 Km 26","-9.1941140","-37.514239"
"CIOP - Central de Informacoes Operacionais","Av. Marechal Mascarenhas de Morais, 2214 - Bento Ferreira","          ","          "
"NOE - Nucleo de Operacoes Especiais","Av. Marechal Mascarenhas de Morais, 2214 - Bento Ferreira","          ","          "
"SPF - Secao de Policiamento e Fiscalizacao","Av Marechal Mascarenhas de Morais, 2214 - Bento Ferreira","          ","          "
"NMP - Nucleo de Multas e Penalidades","Av Marechal Mascarenhas de Morais, 2214 - Bento Ferreira","          ","          "
"NUREG - Nucleo de Registro e Med. Rodoviaria","Av Marechal Mascarenhas de Morais, 2214 - Bento Ferreira","          ","          "
"SAF - Secao Administrativa e Financeira","Av Marechal Mascarenhas de Morais, 2214 - Bento Ferreira","          ","          "
"NUTEL - Nucleo de Informatica Telecomunicacoes","Av Marechal Mascarenhas de Morais, 2214 - Bento Ferreira","          ","          "
"NUOF - Nucleo de Orcamento e Financas","Av Marechal Mascarenhas de Morais, 2214 - Bento Ferreira","          ","          "
"NUPAT - Nucleo de Patrimonio e Material","Av Marechal Mascarenhas de Morais, 2214 - Bento Ferreira","          ","          "
"Núcleo de Telemática - NUTEL","Av. AJ Renner, 2701 Humaitá","          ","          "
"NUSEG - Nucleo de Servicos Gerais","Av Marechal Mascarenhas de Morais, 2214 - Bento Ferreira","          ","          "
"SCD - Secao de Correicao e Disciplina","Av Marechal Mascarenhas de Morais, 2214 - Bento Ferreira","          ","          "
"NUAI - Nucleo de Assuntos Internos","Av Marechal Mascarenhas de Morais, 2214 - Bento Ferreira","          ","          "
"SRH - Secao de Recursos Humanos","Av Marechal Mascarenhas de Morais, 2214 - Bento Ferreira","          ","          "
"NUAP - Nucleo de Administracao de Pessoal","Av Marechal Mascarenhas de Morais, 2214 - Bento Ferreira","          ","          "
"NUCAP - Nucleo de Leg. Capacitacao de Pessoal","Av Marechal Mascarenhas de Morais, 2214 - Bento Ferreira","          ","          "
"NUAT - Nucleo de Apoio Tecnico Juridico","Av Marechal Mascarenhas de Morais, 2214 - Bento Ferreira","          ","          "
"NUCOM - Nucleo de Comunicacao Social","Av Marechal Mascarenhas de Morais, 2214 - Bento Ferreira","          ","          "
"NUINT - Nucleo de Inteligencia","Av Marechal Mascarenhas de Morais, 2214 - Bento Ferreira","          ","          "
"7ª SUPERINTENDÊNCIA REGIONAL DE POLÍCIA RODOVIÁRIA FEDERAL","Av Victor Ferreira do Amaral, 1500","-25.462500","-49.228061"
"Seção de Policiamento e Fiscalização","Av AJ Rennet, 2701 - Humaitá","          ","          "
"DEL.01 - Delegacia de Colombo","BR 116, km 11,7","S 25G 31M ","W 49G 8M 2"
"DEL.02 - Delegacia de Pato Branco","XXXXXXXX","S 23G 3M 4","W 54G 12M "
"DEL.01/PST.04 - Sidrolândia","sidrolandia","          ","          "
"DEL.05 - Delegacia de Foz do Iguaçu","Rua da Republica, 98","-25.512819","-54.557519"
"DEL.04 - Delegacia de Cascavel","Rua Everaldo Xavier, 127","-24.975000","-53.438061"
"SPF - Seção de Policiamento e Fiscalização","Av Victor Ferreira do Amaral, 1500","          ","          "
"NUREG - Núcleo de Registro e Medicina Rodoviári","Av Victor Ferreira do Amaral, 1500","S 24G 39M ","W 49G 0M 1"
"CIOP - Central de Informações Operacionais","BR 476, 130,8","          ","          "
"NOE - Núcleo de Operações Especiais","BR 476, km 130,8","          ","          "
"NMP - Núcleo de Multas e Penalidades","Av Victor Ferreira do Amaral, 1500","          ","          "
"DEL.01 - Núcleo de Policiamento e Fiscalização","Av Victor Ferreira do Amaral, 1500","S 25G 31M ","W 49G 8M 2"
"DEL.02/UOP.04 - Unidade Operacional Planalto","Rua Cruz Machado, 350","S 26G 12M ","W 52G 40M "
"DEL.03 - Delegacia de Ponta Grossa","Rua Dr Penteado de Almeida, 780","-25.087000","-50.166431"
"DEL.03 - Núcleo de Policiamento e Fiscalização","Rua Dr Penteado de Almeida, 780","          ","          "
"DEL.04/UOP.06 - Unidade Operacional Lindoeste","Rua Insp Everaldo Loures Xavier, 127","          ","          "
"DEL.05 - Núcleo de Policiamento e Fiscalização","Rua da Republica, 98","          ","          "
"DEL.01/UOP.01 - Unidade Operacional Fari","BR 116, km 11,7","S 25G 31M ","W 49G 8M 2"
"DEL.01/UOP.02 - Unidade Operacional Taquari - Bolinelli","BR 116, km 56","S 25G 16M ","W 48G 55M "
"DEL.01/UOP.03 - Unidade Operacional Mandirituba","BR-116, Km 137,5","S 25G 44M ","W 49G 19M "
"DEL.01/UOP.06 - Unidade Operacional Wanser","BR-158, km 520","S 26G 12M ","W 52G 40M "
"DEL.01/UOP.07 - Unidade Operacional Alexandra","BR-277, km 012","S 26G 18M ","W 51G 13M "
"13ª SRPRF/AL ? NÚCLEO DE REGISTRO DE ACIDENTES E MEDICINA","R. COMENDADOR ALMEIDA GUIMARÃES,22 PAJUÇARA","          ","          "
"DEL.01/UOP.08 - Unidade Operacional Contenda","BR-277 km 507","S 25G 53M ","W 50G 22M "
"DEL.01/UOP.09 - Unidade Operacional Alto da Serra","BR-376, km 666","S 25G 51M ","W 48G 57M "
"DEL.03/UOP.01 - Unidade Operacional Caetano","BR-373, Km 184,1","S 25G 2M 3","W 50G 17M "
"DEL.03/UOP.02 - Unidade Operacional Guará","BR-277, Km 318,9","S 25G 22M ","W 51G 15M "
"DEL.04/UOP.01 - Unidade Operacional  Cascavel","BR-277, Km 580","S 24G 59M ","W 53G 22M "
"DEL.04/UOP.02 - Unidade Operacional Catanduvas","BR-277, Km 507","S 25G 7M 2","W 52G 44M "
"DEL.04/UOP.03 - Unidade Operacional Laranjeiras do Sul","BR-277, Km 452","S 25G 22M ","W 52G 23M "
"DEL.05/UOP.04 - Unidade Operacional Ponte Tancredo Neves","BR 277, km 644","S 25G 10M ","W 53G 52M "
"DEL.05/UOP.01 - Unidade Operacional Santa Terezinha do Itaipú","BR-277, Km 714","S 25G 27M ","W 54G 26M "
"DEL.05/UOP.03 - Unidade Operacional Ponte Internacional da Amizade","BR 277, km 730","S 25G 30M ","W 54G 35M "
"DEL.07 - Delegacia de Porangatu","Av. Adelino Américo de Azevedo, 261","S 13G 26M ","W 49G 8M 3"
"NUTEL - Núcleo de Informática e Telecomunicaçõe","Av Victor Ferreira do Amaral, 1500","          ","          "
"DEL.03/PST.01 - Posto Morrinhos","BR-153, Km 609","S 17G 37M ","W 49G 10M "
"DEL.03/PST.02 - Posto Itumbiara","BR-153, Km 702","S 18G 17M ","W 49G 14M "
"DEL.04/PST.01 - Posto Rio Verde","BR-060, Km 390","S 17G 49M ","W 50G 57M "
"DEL.04/PST.02 - Posto de Jussara","BR-070, Km 282","S 15G 53M ","W 51G 3M 3"
"DEL.05/PST.01 - Posto de Jataí","BR-364, Km 192","S 17G 55M ","W 51G 41M "
"DEL.05/PST.02 - Posto de São Simão","BR-364, Km 012","          ","          "
"DEL.05/PST.03 - Posto de Santa Rita","BR-364, Km 382","S 17G 20M ","W 53G 10M "
"DEL.07/PST.01 - Posto de Porangatu","BR-153, Km 067,3","S 13G 26M ","W 49G 8M 3"
"DEL.07/PST.02 - Posto de Uruaçu","BR-153, Km 192,2","S 14G 28M ","W 49G 9M 2"
"DEL.05/UOP.02 - Unidade Operacional Céu Azul","BR 469 km 1","S 25G 34M ","W 54G 33M "
"Seção de Policiamento e Fiscalização","AVENIDA ANTONIO DE GOES, 820 - PINA","          ","          "
"18ª SUPERINTENDÊNCIA REGIONAL DE POLÍCIA RODOVIÁRIA FEDERAL","BR-135, KM 01 nº 3737, Tirirical","-2.5844080","-44.243547"
"DEL.02 - Santa Inês","BR- 316, KM 260","-3.6798190","-45.395186"
"DEL.03 - Caxias","Av. General Sampaio nº 1443  B. Morro do Alecrim","-4.8625440","-43.360569"
"DEL.04 - Imperatriz","Av. Raul Mariano Alves nº 23 Super Quadra 602","-5.5318060","-47.469861"
"DEL.05 - Balsas","BR- 230, KM 404","-7.3114890","-46.311489"
"DEL.05/PST.01 - Posto Barão de Grajaú","BR- 230, KM 02 / Nº 1366  Centro","-6.7528610","-43.029000"
"DEL.18 - Delegacia de Frutal","BR-153, Km 195","S 19G 55M ","W 48G 57M "
"DEL.18/PST.01 - Posto de Frutal","BR-153, Km 195","-19.920556","-48.960833"
"DEL.18/PST.03 - Posto de Ituiutaba","BR-364","S 19G 18M ","W 48G 54M "
"DEL.18/PST.02 - Posto Monte Alegre de Minas","BR-153, Km 056","S 18G 52M ","W 49G 4M 2"
"DEL.02 - Delegacia de Betim","BR-381, Km 488,8 B.Citrolândia","S 19G 59M ","W 44G 12M "
"DEL.02 - Delegacia de Sete Lagoas","BR-040, Km 470","-19.475833","-44.290278"
"DEL.03 - Delegacia de João Monlevade","Pç. Eyer Nogueira Nº 04   B. das Graças","S 23G 3M 4","W 54G 12M "
"DEL.04 - Delegacia de Oliveira","Alameda N. Srª de Fátima Nº 2100     Bairro:Cabrais","S 23G 3M 4","W 54G 12M "
"DEL.05 - Delegacia de Juiz de Fora","BR-040, Km 765","S 21G 35M ","W 45G 27M "
"DEL.06 - Delegacia de Governador Valadares","BR-116, Km 419","S 18G 55M ","W 41G 56M "
"DEL.07 - Delegacia de Leopoldina","Av. Getúlio Vargas Nº 678   Centro","S 23G 3M 4","W 54G 12M "
"DEL.08 - Delegacia de Araxá","BR-262, Km 682","S 19G 33M ","W 46G 52M "
"DEL.09 - Delegacia de Caxambu","BR-267, Km 306","S 21G 57M ","W 44G 58M "
"DEL.10 - Delegacia de Pouso Alegre","BR-381, Km 794","S 22G 23M ","W 45G 57M "
"DEL.17 - Delegacia de Uberlândia","BR-365, Km 634","S 18G 53M ","W 48G 22M "
"DEL.16 - Delegacia de Paracatu","BR-040, Km 47","S 17G 14M ","W 46G 49M "
"Núcleo de Motociclismo","GARAJÃO - ASA NORTE","          ","          "
"DEL.15 - Delegacia de Uberaba","BR-050, Km 195","S 19G 53M ","W 47G 50M "
"DEL.04 - Delegacia de Itapecerica da Serra","BR-116, Km 287- Bairro Botubera","-23.699306","-46.866361"
"DEL.05 - Delegacia de Registro","BR-116, Km 446","-24.504889","-47.847444"
"DEL.06 - Delegacia de Taubaté","Av. Dom Pedro I, 4981 Jardim Paulista","-23.045472","-45.577500"
"DEL.07 - Delegacia de Ubatuba","Rua Jango Teixeira, 350 - Sumaré","-23.437444","-45.087306"
"DEL.08 - Delegacia de Cachoeira Paulista","Rua Antonio Sacilotti Filho, 380 - Alto B. Vista.","-22.666889","-45.003222"
"DEL.09 - Delegacia de  São José do Rio Preto","BR-153, Km 059 ? Vila Militar","-20.792750","-49.355417"
"DEL.10 - Delegacia de Marília","BR-153, Km 259","-22.268167","-49.923833"
"8ª SUPERINTENDÊNCIA REGIONAL DE POLÍCIA RODOVIÁRIA FEDERAL","Rua Álvaro Mullen da Silveira, 104 - Centro","-27.601189","-48.549094"
"DEL.01 - São José","BR-101, Km 204","S 27G 35M ","W 48G 35M "
"DEL.02 - Tubarão","BR-101, Km 336","S 28G 28M ","W 49G 1M 3"
"DEL.03 - Joinville","BR-101, Km 039","S 26G 18M ","W 48G 53M "
"DEL.04 - Rio do Sul","BR-470, Km 141","S 27G 12M ","W 49G 37M "
"DEL.05 - Lages","Rua Getulio Vargas, 515 - Bairro Conta Dinheiro","S 23G 3M 4","W 54G 12M "
"DEL.06 - Delegacia de Mafra","Av. Cel. José Severiano Maia nº 1.111","S 23G 3M 4","W 54G 12M "
"DEL.07 - Joaçaba","BR-282, Km 388","S 27G 10M ","W 51G 33M "
"17ª SUPERINTENDÊNCIA REGIONAL DE POLÍCIA RODOVIÁRIA FEDERAL","Av. João XXIII  n.º 1516   B. dos Noivos","-5.0813890","-42.784667"
"DEL.01 - Teresina","BR-343, Km 338","-5.0627640","-42.703461"
"DEL.02 - Piripiri","BR-343, Km 191","-4.3150000","-41.777875"
"DEL.03 - Floriano","BR 343, km 587","-6.8042860","-43.050767"
"DEL.04 - Picos","BR-316, Km 292","-7.0737000","-41.440417"
"DEL.05 - Parnaíba","BR- 343, km 08","-2.8897000","-41.726183"
"19ª SUPERINTENDÊNCIA REGIONAL DE POLÍCIA RODOVIÁRIA FEDERAL","Travessa D. Pedro I, nº 52  Bairro  Umarizal","          ","          "
"DEL.01 - Benevides","BR- 316, KM  20","-1.3649170","-48.272653"
"DEL.02 - Ipixuna","BR- 010, KM 229","-2.4237810","-47.518292"
"DEL.03 - Marabá","BR- 230, KM 108","-5.3731970","-49.028100"
"DEL.05 - Santarém","BR- 163, KM 10","-2.5048190","-54.727678"
"DEL.06 - Delegacia de Guaíra","BR 163, Guaíra","          ","          "
"DEL.10/PST.01 - Posto Pouso Alegre","BR-381, Km 794","-22.397222","-45.960000"
"DEL.10/PST.02 - Posto Três Corações","BR-381, Km 702","-21.690278","-45.349444"
"DEL.10/PST.03 - Posto Itapeva","BR-381, Km 915","-22.768611","-46.209722"
"DEL.04/PST.01 - Posto Blumenau","BR-470, Km 135","S 27G 10M ","W 49G 34M "
"DEL.04/PST.02 - Posto Rio do Sul","BR-470, Km 053","S 26G 51M ","W 49G 5M 3"
"CIOP - MS","Rua Antônia Maria Coelho","          ","          "
"CIOP - SC","Rua Felipe Neves, 413, Bairro Canto","S 27G 35M ","W 48G 35M "
"NOE - SC","BR-101, Km 206 Bairro Barreiros","          ","          "
"DEL.01/PST.01 - Porto Velho 01","BR-364, Km 698","S 9G 5M 46","W 64G 5M 3"
"DEL.01/PST.03 - Itapuã do Oeste","BR-364, Km 600","-9.2202780","-63.171667"
"DEL.01/PST.04 - Ariquemes","BR-364, Km 520","-9.8811110","-63.040556"
"Seção de Policiamento e Fiscalização","Av. Pinheiro Machado, 1276, centro","          ","          "
"NOE - RO","Av. Pinheiro Machado, 1276, centro","          ","          "
"CIOP - RO","Av. Pinheiro Machad, 1276, centro","          ","          "
"Núcleo de Inteligência","Av. Pinheiro Machado, 1276, centro","          ","          "
"DEL.01/PST.01 - Posto Biguaçu","BR 101, km 109","S 27G 28M ","W 48G 38M "
"DEL.01/PST.02 - Posto Palhoça","BR 101, km 221","S 27G 41M ","W 48G 39M "
"DEL.04/PST.03 - Posto Itapema","BR 101, km 143","S 27G 3M 5","W 48G 35M "
"DEL.01/PST.03 - Posto Rancho Queimado","BR-282, Km 057","S 27G 41M ","W 49G 2M 4"
"PST.01 - Posto Alfa","BR-040, KM  001","-15.982300","-47.988600"
"PST.02 - Posto Sipaúba","BR- 040, KM 087","-16.713583","-47.669939"
"PST.03 - Posto Zazur Pacheco","BR- 060, KM  13","-16.540350","-47.687542"
"PST.04 - Posto Formosa","BR- 020, KM  12","-15.566917","-47.246667"
"PST.05 - Posto Alvorada do Norte","BR- 020, KM 175","-14.513900","-46.523700"
"DEL.02/PST.01 - Feira Sul","BR-116, Km 463","-12.368100","-39.023700"
"DEL.02/PST.02 - Feira Norte","BR-116, Km 451","-12.172500","-38.970800"
"DEL.03/PST.01 - Jequié","BR-116, Km 713","-13.874408","-40.040100"
"DEL.03/PST.02 - Milagres","BR-116, Km 579","-12.856000","-39.847900"
"DEL.04/PST.01 - Senhor do Bonfim","BR-407, Km 117","-10.399400","-40.174700"
"DEL.04/PST.02 - Capim Grosso","BR-324, Km 359","-11.388917","-39.987947"
"DEL.05/PST.01 - Itabuna","BR 101, km 508","-14.770600","-39.292400"
"DEL.05/PST.02 - Camacan","BR-101, Km 593","-15.458361","-39.444200"
"DEL.05/PST.03 - Gandu","BR 101, km 365","-13.765500","-39.491200"
"15ª SRPRF/RN ? NÚCLEO DE REGISTRO DE ACIDENTES E MEDICINA","AV. NASCIMENTO DE CASTRO, 1540, LAGOA NOVA","          ","          "
"DEL.06/PST.01 - Seabra","BR 242, km 280","-12.467300","-41.743900"
"DEL.06/PST.03 - Ibotirama","BR 242, km 112","S 12G 10M ","W 43G 11M "
"DEL.06/PST.02 - Itaberaba","BR-242, Km 376","S 12G 27M ","W 40G 16M "
"DEL.07/PST.01 - Paulo Afonso","BR-110, Km 002","-9.4504280","-38.202075"
"DEL.07/PST.02 - Ribeira  do Pombal","BR 110, km 175","-10.813800","-38.529500"
"DEL.08/PST.01 - Vitória da Conquista","BR-116, Km 866","-14.911400","-40.875000"
"DEL.08/PST.02 - Poções","BR-116, Km 791","-14.514700","-40.370000"
"DEL.08/PST.03 - Divisa BA/MG","BR-116, Km 968","-15.685000","-41.325600"
"DEL.09/PST.01 - Eunápolis","BR-101, Km 717","-16.444200","-39.583800"
"DEL.09/PST.02 - Itamaraju","BR 101, km 801","-17.009900","-39.546000"
"DEL.09/PST.03 - Teixeira de Freitas","BR 101, km 873","-17.559200","-39.727472"
"DEL.09/PST.04 - Porto Seguro","BR-367, Km 035","-16.404700","-39.175600"
"DEL.10/PST.01 - Barreiras","BR 242, KM 788","-12.118800","-45.056700"
"CIOP BA",NULL,"          ","          "
"DEL.01/PST.01 - PEDÁGIO","BR 040 KM 103 MG","S 22G 37M ","W 43G 17M "
"16ª SRPRF/CE ? NÚCLEO DE REGISTRO DE ACIDENTES E MEDICINA","BR-116, KM 006 BAIRRO CAJAZEIRAS","          ","          "
"DEL.02/PST.04 - Posto Cassimiro de Abreu","BR-101","          ","          "
"DEL.01/PST.02 - Posto Pavuna","BR-040, Km 089","S 22G 33M ","W 43G 14M "
"DEL.01/PST.03 - Seropédica","BR 040 km 82 SENTIDO MG","S 22G 31M ","W 43G 13M "
"DEL.02/PST.01 - Posto Niteroi","BR-101, Km 308","S 22G 47M ","W 43G 1M 2"
"DEL.02/PST.02 - Posto Itaúna","BR-101, Km 322","br","53454"
"DEL.02/PST.03 - Posto Rio Bonito","BR-101, Km 334","S 22G 53M ","W 43G 12M "
"DEL.01/PST.01 - Ananindeua","BR- 316, KM 09","-1.3661060","-48.367372"
"DEL.01/PST.02 - Benevides","BR- 316, KM  21","S 1G 21M 5","W 48G 16M "
"DEL.01/PST.03 - Castanhal","BR- 316, KM 58","-1.3063580","-48.007456"
"DEL.01/PST.04 - Santa Maria","BR- 316, KM 102","-1.3436440","-47.577228"
"DEL.01/PST.05 - Capanema","BR- 316, KM 156","-1.2257690","-47.165833"
"DEL.01/PST.06 - Gurupi","BR- 316, KM 275","-1.8218280","-46.349625"
"DEL.01/PST.07 - Bragança","BR- 308, KM 200","-1.0660440","-46.792453"
"DEL.02/PST.01 - Mãe do Rio","BR- 010, KM 284","-2.0358920","-47.544139"
"DEL.02/PST.02 - Ipixuna","BR- 010, KM 229","-2.4237810","-47.518292"
"DEL.02/PST.03 - Dom Eliseu","BR- 010, KM 019","-4.2943720","-47.562283"
"DEL.04/PST.01 - Altamira","BR- 230, KM  625","-3.1736220","-52.168411"
"DEL.05/PST.01 - Santarém","BR- 163, KM 10","-2.5048190","-54.727678"
"DEL.03/PST.01 - Posto Itaguai","BR 101 km 394","S 22G 51M ","W 43G 45M "
"DEL.03/PST.02 - Posto Angra dos Reis","BR 101 km 468,8","S 23G 0M 2","W 44G 13M "
"DEL.03/PST.03 - Posto Mambucaba","BR 101 km 530","S 23G 1M 5","W 44G 32M "
"DEL.03/PST.04 - Posto Parati","BR 101 km 574","S 23G 14M ","W 44G 42M "
"DEL.04/PST.01 - Posto Tres Córregos","BR-116, Km 072","S 22G 21M ","W 42G 56M "
"DEL.04/PST.02 - Posto Pedágio (Bongaba)","BR 116 km 133","S 22G 38M ","W 43G 11M "
"DEL.05/PST.01 - Posto Paraiba do Sul","BR-101, Km 203","S 22G 28M ","W 42G 10M "
"DEL.05/PST.02 - Posto Barra do Pirai","BR 101 km 269","S 22G 42M ","W 42G 40M "
"Seção de Policiamento e Fiscalização","Travessa D. Pedro I, nº 52  Bairro  Umarizal","          ","          "
"CIOP - PA","Travessa D. Pedro I, nº 52  Bairro  Umarizal","          ","          "
"NOE - PA","Travessa D. Pedro I, nº 52  Bairro  Umarizal","          ","          "
"DEL.10/PST.01 - Posto de Guaiçara","BR-153, Km 174,3","-21.629000","-49.787667"
"DEL.10/PST.02 - Posto de Marília","BR-153, Km 259","-22.267750","-49.923972"
"DEL.10/PST.03 - Posto de Ourinhos","BR-153, Km 345,3","-22.978694","-49.903472"
"DEL.05 - Núcleo de Policiamento e Fiscalização","BR 101, KM 508","S 15G 27M ","W 39G 26M "
"DEL.06/PST.01 - Posto Moura Brasil","BR-116, Km 166","S 22G 48M ","W 43G 19M "
"DEL.06/PST.02 - Posto Sapucaia","BR 116 km 207","S 22G 43M ","W 43G 36M "
"DEL.03/PST.01 - Posto de Vargem","BR 381, km 9","-22.917555","-46.431833"
"DEL.03/PST.02 - Posto de Atibaia","BR 381, km 47","-23.190805","-46.584888"
"DEL.03/PST.03 - Posto São Paulo","BR 381, km 82","-23.433096","-46.568615"
"DEL.09/PST.01 - Posto de Caxambu","BR-267, Km 306","-21.955278","-44.970000"
"DEL.09/PST.02 - Posto Capivari","BR-354, Km 696","-22.244722","-44.935278"
"DEL.04/PST.01 - Posto de Itapecerica da Serra","BR-116, Km 285","-23.689722","-46.862750"
"DEL.04/PST.02 - Posto Juquitiba","BR 116 km 344","-23.769555","-46.910722"
"DEL.04/PST.03 - Posto de Miracatu","BR 116, Rodovia Régis Bittencourt, KM 344","-24.029833","-47.178361"
"DEL.05/PST.01 - Posto de Registro","BR-116, Km 439","-24.456972","-47.814389"
"DEL.05/PST.02 - Posto Cajati","BR 116, km 498","-24.776667","-48.170944"
"DEL.05/PST.03 - Posto de Barra do Turvo","BR-116, Km 543","-24.964111","-48.411500"
"DEL.06/PST.01 - Posto de Roseira","BR-116, Km 078,8","-22.891611","-45.291583"
"DEL.06/PST.02 - Posto de Taubaté","BR 116, km 112,8","-23.043111","-45.577528"
"DEL.06/PST.03 - Posto de Caçapava","BR-116, Km 126,9","-23.106667","-45.697500"
"DEL.07/PST.01 - Posto Praia do Félix - Ubatuba","BR-101, Km 032","-23.387528","-44.979889"
"DEL.08/PST.01 - Posto de Lavrinhas","BR-116, Km 018","-22.559944","-44.858806"
"DEL.08/PST.02 - Posto de Aparecida","BR-116, Km 071","-22.858139","-45.233111"
"DEL.08/PST.03 - Posto de Piquete","BR 459, KM 8","-22.516333","-44.703778"
"DEL.09/PST.01 - Posto de São José do Rio Preto","BR 153, km 59","-20.785222","-49.353944"
"DEL.01/PST.03 - Posto de Betim","BR-381, Km 488,8","-19.996389","-44.208889"
"DEL.08/PST.03 - Posto de Bom Despacho","BR-262, Km 477","-19.786944","-45.230833"
"CIOP - RN","Av. Nascimento de Castro 1540 Bairro Lagoa Nova","          ","          "
"DEL.15/PST.01 - Posto Delta","BR-050, Km 195","S 19G 53M ","W 47G 50M "
"DEL.15/PST.02 - Posto Uberaba - DESATIVADO","BR-050, Km 151","          ","          "
"NUREG - PB","BR-230, Km 023 - N° 2257 - Cristo Redentor","          ","          "
"DEL.02/PST.01 - Posto Sete Lagoas","BR-040, Km 470","-19.475833","-44.290278"
"DEL.03/PST.01 - Posto João Monlevade","BR-381, Km 342","-19.850000","-43.151389"
"DEL.03/PST.02 - Posto Rio Casca","BR-262, Km 121","-20.213889","-42.655556"
"DEL.06/PST.04 - Posto Realeza","BR-116, Km 594","-20.250278","-42.142222"
"DEL.17/PST.02 - Posto Araguari","BR-050, Km 42","-18.693086","-48.182619"
"DEL.04/PST.01 - Posto Oliveira","BR-381, Km 598","S 20G 40M ","W 44G 44M "
"DEL.04/PST.02 - Posto Perdões","BR-381, Km 668","S 20G 40M ","W 44G 44M "
"DEL.04/PST.03 - Posto Itatiaiuçu","BR-381, Km 526","-20.208889","-44.390556"
"DEL.05/PST.01 - Posto Juiz de Fora","BR-040, Km 765","-21.599722","-45.458056"
"DEL.06/PST.02 - Posto Caratinga","BR-116, Km 525","S 19G 45M ","W 42G 7M 5"
"DEL.06/PST.01 - Posto Governador Valadares","BR-116, Km 419","S 18G 55M ","W 41G 56M "
"DEL.06/PST.03 - Posto Belo Oriente","BR-381, Km 218","S 19G 18M ","W 42G 23M "
"DEL.07/PST.04 - Posto Jaguaraçu - DESATIVADO","BR-381, Km 269","S 19G 35M ","W 42G 44M "
"DEL.07/PST.01 - Posto Leopoldina","BR-116, Km 768","-21.542222","-42.655278"
"DEL.07/PST.02 - Posto Muriaé","BR-116, Km 706","-21.145833","-42.380833"
"DEL.07/PST.03 - Posto Fervedouro","BR-116, Km 653","-20.746667","-42.287778"
"DEL.08/PST.01 - Posto Araxá","BR-262, Km 682","-19.552778","-46.878611"
"PST.01 - Posto Boa Vista (desativado)","BR 174, KM 502,3","0.1075280 ","-51.126800"
"DEL.08/PST.02 - Posto Campos Altos","BR-262, Km 578","-19.676389","-46.043333"
"DEL.12/PST.01 - Posto Teófilo Otoni","BR-116, Km 278","-17.871667","-41.520000"
"DEL.12/PST.02 - Posto Itaobim","BR-116, Km 118","-16.580833","-41.501667"
"DEL.14/PST.01 - Posto de Montes Claros","BR-135, Km 374 - Zona Rural","-16.811389","-43.849167"
"DEL.14/PST.02 - Posto Pirapora","BR-365, Km 154","-17.292778","-44.885833"
"DEL.17/PST.01 - Posto Uberlândia","BR-365, Km 634","-18.897778","-48.381944"
"DEL.16/PST.01 - Posto Paracatu","BR-040, Km 47","-17.241389","-46.823611"
"DEL.16/PST.02 - Posto João Pinheiro","BR-040, Km 145","-17.755556","-46.163333"
"DEL.16/PST.03 - Posto Três Marias","BR-040, Km 284","-18.249167","-45.176667"
"DEL.11/PST.01 - Posto Patos de Minas","BR-365, Km 413","-18.665833","-46.530556"
"DEL.13/PST.01 - Posto Poços de Caldas","BR-146, Km 532","-21.808333","-46.470000"
"PST.01 - Posto Manaus","BR-174, Km 043","-2.5977780","-60.036389"
"PST.02 - Posto Presidente Figueiredo","BR-174, Km 126","-1.8846110","-60.072083"
"PST.03 - Posto CEASA","BR-319, Km 000","-3.1307220","-59.946139"
"PST.04 - Posto Careiro","BR-319, Km 013","-3.1919250","-59.868358"
"DEL.07 - Delegacia de Londrina","Londrina","          ","          "
"Seção de Policiamento e Fiscalização","Av. Maranhão, 1890 - Bairro Santos Dumont","          ","          "
"PST.02 - Posto Base Avançada Tartarugalzinho","BR 156, KM 446","1.4960280 ","-50.910853"
"DEL.01/PST.02 - Posto de Porto Alegre","BR 290, km 97,7","-29.994167","-51.218014"
"DEL.05/PST.02 - Posto de Congonhas","BR-040, Km 600","S 20G 28M ","W 43G 50M "
"NOE","Av. João XXIII  n.º 1516   B. dos Noivos","          ","          "
"Divisão de Planejamento Operacional","Setor de Hangares da Aviação Civil lotes 41/42","          ","          "
"DEL.10/PST.03 - Posto São Lourenço - DESATIVADO","BR-460, Km 070","          ","          "
"DEL.01/PST.01 - Posto Pedrinhas","BR- 135, KM 14","-2.6382970","-44.270567"
"DEL.01/PST.02 - Posto São Francisco","BR- 135, KM 85","-3.2567110","-44.388100"
"DEL.01/PST.03 - Posto Vargem Grande","BR- 222, KM 158","-3.5292500","-43.954200"
"DEL.02/PST.01 - Posto de Bacabal","BR- 316, KM 356","-4.2916690","-44.791700"
"DEL.02/PST.02 - Posto Santa Inês","BR- 316, km 263","-3.6748330","-45.357917"
"DEL.02/PST.03 - Posto Araguanã","BR- 316, KM 156","-2.9328310","-45.670600"
"DEL.03/PST.01 - Posto Peritoró","BR- 316, KM 422","-4.3833330","-44.333300"
"DEL.03/PST.02 - Posto de Caxias","BR- 316, KM 542","-4.8600000","-43.428028"
"DEL.04/PST.01 - Posto de Imperatriz","BR- 010, KM 260","-5.4553110","-47.472806"
"DEL.04/PST.02 - Posto Porto Franco","BR- 010, KM 156","-6.3493610","-47.375608"
"DEL.04/PST.03 - Posto de Açailândia","BR- 222, KM 677","-4.9257810","-47.439800"
"PST.02 - Posto 02 ? Caumé ","BR 174, km 512","1 G 29M 45","W 50G 54M "
"DEL.02/PST.01 - Posto Tubarão","BR-101, Km 341","S 28G 30M ","W 49G 3M 8"
"DEL.02/PST.02 - Posto Araranguá","BR-101, Km 417","S 28G 58M ","W 49G 31M "
"DEL.02/PST.03 - Posto Paulo Lopes","BR-101, Km 268","S 28G 4M 3","W 48G 42M "
"DEL.03/PST.01 - Posto Joinville - Pirabeiraba","BR-101, Km 026","S 26G 11M ","W 48G 54M "
"DEL.03/PST.02 - Posto Barra Velha","BR-101, Km 081,6","S 26G 36M ","W 48G 43M "
"DEL.03/PST.03 - Posto Guaramirim","BR-101, Km 054,1","S 26G 28M ","W 48G 59M "
"DEL.05/PST.01 - Posto Lages","Rua Getúlio Vargas, 515","S 27G 45M ","W 50G 8M 3"
"DEL.05/PST.02 - Posto Capão Alto","BR-116, Km 273","S 28G 1M 4","W 50G 33M "
"DEL.05/PST.03 - Posto Ponte Alta","BR-116, Km 200","S 27G 25M ","W 50G 24M "
"DEL.06/PST.02 - Posto de Santa Cecília","BR 116, km 119","S 26G 49M ","W 50G 22M "
"DEL.06/PST.01 - Posto de Mafra","BR 116, km 5","S 26G 10M ","W 49G 52M "
"DEL.06/PST.03 - Posto de Rio Negrinho","BR-280, Km 129","S 26G 15M ","W 49G 32M "
"DEL.07/PST.01 - Posto Campos Novos","BR-282, Km 355","S 27G 21M ","W 51G 20M "
"DEL.07/PST.02 - Posto Vargem Bonita","BR-282, Km 432","S 26G 58M ","W 51G 48M "
"DEL.07/PST.03 - Posto Concórdia","BR-153, Km 092","S 27G 11M ","W 51G 56M "
"DEL.08/PST.01 - Posto Xanxerê","BR-282, Km 508,3","S 26G 54M ","W 52G 27M "
"DEL.08/PST.02 - Posto Maravilha","BR-282, Km 606,1","S 26G 45M ","W 53G 12M "
"DEL.10/PST.01 - Posto Naviraí","BR-163, Km 130,4","S 23G 2M 1","W 54G 16M "
"CENTRAL DE INFORMAÇÕES OPERACIONAIS - RJ","RODOVIA PRESIDENTE DUTRA km 163 - VIGÁRIO GERAL - RJ","13906","S 22G 49M "
"DEL.01 - Delegacia de Nossa Senhora do Socorro","BR-235, KM  03","S 10G 56M ","W 37G 13M "
"Coordenação-Geral de Operações","Setor de Hangares da Aviação Civil lotes 41/42","          ","          "
"SEÇÃO DE POLICIAMENTO E FISCALIZAÇÃO","Rod. Presid. Dutra, Km 163 - Vigário Geral","S 22G 49M ","W 43G 19M "
"CONVÊNIO DPRF X PM-MG","PRAÇA ANTÔNIO MOURÃO GUIMARÃES, 100","S 23G 3M 4","W 54G 12M "
"1ª Cia PM Ind MAT","PRAÇA ANTÔNIO MOURÃO GUIMARÃES, 100","          ","          "
"3ª Cia PM Ind MAT","PRAÇA ANTÔNIO MOURÃO GUIMARÃES, 100","S 19G 54M ","W 44G 1M 4"
"4ª Cia juiz de Fora","PRAÇA ANTÔNIO MOURÃO GUIMARÃES, 100","          ","          "
"5ª Cia Uberaba","PRAÇA ANTÔNIO MOURÃO GUIMARÃES, 100","          ","          "
"6ª Cia Lavras","PRAÇA ANTÔNIO MOURÃO GUIMARÃES, 100","          ","          "
"7ª Cia Bom Despacho","PRAÇA ANTÔNIO MOURÃO GUIMARÃES, 100","          ","          "
"9ª Cia Uberlandia","PRAÇA ANTÔNIO MOURÃO GUIMARÃES, 100","          ","          "
"10ª Cia Patos de Minas","PRAÇA ANTÔNIO MOURÃO GUIMARÃES, 100","          ","          "
"12ª Cia Ipatinga","PRAÇA ANTÔNIO MOURÃO GUIMARÃES, 100","          ","          "
"13º Cia Barcelona","PRAÇA ANTÔNIO MOURÃO GUIMARÃES, 100","          ","          "
"DEL.03/PST.04 - Posto de São Francisco do Sul","BR-280, Km 009","S 26G 16M ","W 48G 38M "
"Seção de Policiamento e Fiscalização","Contagem","S 23G 3M 4","W 54G 12M "
"DEL.10/NPF/PST.03 - TREVO BOM JESUS - ITAPERUNA","BR 356 km 50,8 SENTIDO MG","-21.588333","-41.317778"
"DFT - Divisão de Fiscalização de Trânsito","St. de Hangares da Aviação Civil, LOTES 41/42 - Aeroporto","          ","          "
"CCO - Coordenação de Contole Operacional","St de Hangares da Aviação Civil, lotes 41/42. Aeroporto","          ","          "
"Central de Informações Operacionais - Goiás","Rua P23A Setor dos Funcionários","          ","          "
"8ª Cia Governador Valadares","PRAÇA ANTÔNIO MOURÃO GUIMARÃES, 100","          ","          "
"11ª Cia Montes Claros","PRAÇA ANTÔNIO MOURÃO GUIMARÃES, 100","          ","          "
"NÚCLEO DE OPERAÇÕES ESPECIAIS ? NOE","Rod. Presid. Dutra, Km 163 - Vigário Geral","          ","          "
"Seção de Policiamento e Fiscalização SPF","BR 230 - KM 23 - N° 2257 - CRISTO REDENTOR","          ","          "
"Núcleo de Operações Especiais NOE","BR 230 - KM 23 - N° 2257 - CRISTO REDENTOR","          ","          "
"Del 06/UOP.01 - Unidade Operacional Ponte Airton Sena","BR 163, Guaíra","S 24G 5M 5","W 54G 12M "
"DEL. 5/1 - NÚCLEO DE POLICIAMENTO E FISCALIZAÇÃO","BR 040, KM 109","          ","          "
"DEL. 5/2 - NÚCLEO DE POLICIAMENTO E FISCALIZAÇÃO","BR 101 km 322 SENTIDO RJ","          ","          "
"DEL. 5/3 - NÚCLEO DE POLICIAMENTO E FISCALIZAÇÃO","BR 101 km 394","S 43G 45M ","W 22G 51M "
"DEL. 5/4 - NÚCLEO DE POLICIAMENTO E FISCALIZAÇÃO","BR 116 km 122","          ","          "
"DEL. 5/5 - NÚCLEO DE POLICIAMENTO E FISCALIZAÇÃO","Av. Desembargador Admário Alves de Mendonça, 121 - Centro","          ","          "
"DEL. 5/6 - NÚCLEO DE POLICIAMENTO E FISCALIZAÇÃO","BR 116 km 227 SENTIDO RJ","S 43G 48M ","W 22G 41M "
"DEL. 5/7 - NÚCLEO DE POLICIAMENTO E FISCALIZAÇÃO","BR 393 km 255 SENTIDO TRÊS RIOS","DEL07.RJ@DPRF.G","51949"
"DEL. 5/8 - NÚCLEO DE POLICIAMENTO E FISCALIZAÇÃO","BR 040 km 47 SENTIDO RJ","S 22G 17M ","W 43G 7M 4"
"DEL. 5/9 - NÚCLEO DE POLICIAMENTO E FISCALIZAÇÃO","BR 116 km 304","          ","          "
"DEL. 5/10 - NÚCLEO DE POLICIAMENTO E FISCALIZAÇÃO","Rua Silvio Bastos Tavares, 59 ? Parque Rodoviário","848805","          "
"DEL.01/UOP.10 - Unidade Operacional Araucária","BR 116, km 11,7","          ","          "
"DEL.01/UOP.04 - Unidade Operacional Barigui","BR-277 km 100","S 25G 25M ","W 49G 22M "
"DEL.01/UOP.05 - Unidade Operacional São Luiz Purunã","BR-277 km 139,5","S 23G 2M 1","W 50G 4M 5"
"DEL.02/UOP.03 - Unidade Operacional São Mateus do Sul","BR 376, km 634","S 25G 26M ","W 50G 40M "
"DEL.03/PST.01 - Marabá","BR- 230, KM 108","-5.3731970","-49.028100"
"DEL.02/UOP.02 - Unidade Operacional União da Votória","BR 277, km 12","S 25G 26M ","W 50G 40M "
"DEL.03/UOP.03 - Unidade Operacional Furnas","BR-373, km 509","S 24G 37M ","W 50G 38M "
"DEL.03/UOP.04 - Unidade Operacional Irati","BR-277, km 245","S 23G 2M 1","W 50G 4M 5"
"DEL.03/UOP.05 - Unidade Operacional Imbaú","BR-376 km 412","S 24G 37M ","W 50G 38M "
"DEL.04/UOP.05 - Unidade Operacional Campo Mourão","BR-369 KM 365","S 23G 2M 1","W 50G 4M 5"
"DEL.02/UOP.01 - Unidade Operacional Pato Branco","BR 277, km 62","S 23G 2M 1","W 50G 4M 5"
"DEL.04/UOP.04 - Unidade Operacional Ubiratã","BR 369 KM 446","S 23G 2M 1","W 50G 4M 5"
"DEL.06/UOP.02 - Unidade Operacional Guaíra","BR 487 KM 003","S 23G 2M 1","W 50G 4M 5"
"DEL.06/UOP.04 - Unidade Operacional Quatro Pontes","BR 369 KM 034","S 23G 2M 1","W 50G 4M 5"
"DEL.07/UOP.01 - Unidade Operacional Ibiporã","BR 369 KM 247","S 23G 2M 1","W 50G 4M 5"
"DEL.07/UOP.03 - Unidade Operacional Apucarana","BR 369 KM 083","S 23G 2M 1","W 50G 4M 5"
"DEL.07/UOP.04 - Unidade Operacional Marialva","BR 369 KM 105","S 23G 2M 1","W 50G 4M 5"
"DEL.07/UOP.05 - Unidade Operacional Paranavaí","BR 369 km 131","S 23G 2M 1","W 50G 4M 5"
"DEL.07/UOP.06 - Unidade Operacional Cornélio Procópio","BR 376 KM 190","S 23G 2M 1","W 50G 4M 5"
"DEL.07/UOP.07 - Unidade Operacional Cambará","BR 376 km 297","S 23G 2M 1","W 50G 4M 5"
"DEL.07/UOP.08 - Unidade Operacional Santo Antônio da Platina","BR 376 KM 108","S 23G 2M 1","W 50G 4M 5"
"DEL.07/UOP.09 - Unidade Operacional Ibaiti","BR 153 KM 039","S 23G 2M 1","W 50G 4M 5"
"DEL.06/UOP.03 - Unidade Operacional Porto Camargo","Londrina","S 23G 2M 1","W 50G 4M 5"
"DEL.07/UOP.02 - Unidade Operacional Mauá","BR 369 KM 20","S 23G 2M 1","W 50G 4M 5"
"DEL.08 - Chapecó","BR-282, Km 533,3","S 27G 0M 5","W 52G 39M "
"DEL.03 - Delegacia de Atibaia","BR 381, km 39","-23.191555","-46.585444"
"DEL.13 - Delegacia de Poços de Caldas","BR-146, Km 532","S 21G 48M ","W 46G 28M "
"DEL.01/PST.02 - Porto Velho 02","BR-364, Km 760","S 9G 5M 46","W 64G 5M 3"
"DEL.05/PST.02 - Itaituba","BR- 230, KM 1243","-4.3041000","-55.958172"
"DEL.03/PST.03 - Trailler Limão  Fronteira - DESATIVADO",NULL,"-16.786900","-54.152472"
"6ª SUPERINTENDÊNCIA REGIONAL DE POLÍCIA RODOVIÁRIA FEDERAL","Rua Ciro Soares de Almeida, 150 Vl Maria","-23.518289","-46.580431"
"DEL.01 - Delegacia de Guarulhos","Av Tancredo de Almeida Neves, 581 - Macedo","-23.468389","-46.514639"
"DEL.01/PST.01 - Posto de Bonsucesso","BR-116, Km 208,8 ? B.Bonsucesso","-23.423944","-46.397944"
"DEL.01/PST.02 - Posto de Arujá","BR-116, Km 199","-23.401389","-46.310889"
"DEL.02 - Delegacia de São José dos Campos","BR-116, Km 156","-23.249389","-45.935333"
"DEL.09/NPF/PST.03 - PENEDO","BR-116, Km 311","-22.461500","-41.445803"
"DEL.09/NPF/PST.02 - FLORIANO","BR-116, Km 287","-22.470300","-44.278611"
"DEL.09/NPF/PST.01 - SERRINHA","BR-116, Km 257","-22.593000","-44.071000"
"DEL.07/PST.03 - Posto Pedágio (Itatiaia)","BR 393 km 275 SENTIDO TRÊS RIOS","S 22G 27M ","W 43G 50M "
"DEL.06/PST.04 -","BR-116, Km 227","S 22G 40M ","W 43G 50M "
"DEL.07/PST.01 - Posto Caiçara","BR 393 km 183 SENTIDO VOLTA REDONDA","S 22G 27M ","W 43G 50M "
"DEL.06/PST.03 - Posto Belvedere","BR 116 km 217 SENTIDO SP","S 22G 42M ","W 43G 43M "
"DEL.14 - Delegacia de Montes Claros","BR-135, Km 374 - Zona Rural","S 16G 48M ","W 43G 50M "
"DEL.11 - Delegacia de Patos de Minas","BR-365, Km 413","S 18G 39M ","W 46G 31M "
"DEL.06/PST.05 -","BR 465 KM 23 SENTIDO RJ","S 22G 52M ","W 43G 36M "
"DEL.08/PST.01 - Posto Morro do Coco","BR-040, Km 022","S 22G 8M 1","W 43G 9M 3"
"DEL.08/PST.02 - Posto Lagamar","BR-393, Km 137","          ","          "
"DEL.12 - Delegacia de Teófilo Otoni","Rua Engenheiro Murta Nº 218  Centro","S 23G 3M 4","W 54G 12M "
"DEL.10/NPF/PST.02 - LAGAMAR","BR-101, Km 079","-21.834847","-41.430556"
"DEL.10/NPF/PST.01 - MORRO DO COCO","BR-101, Km 028","-21.456800","-41.349889"
"DEL.09/NPF/PST.05 - ITATIAIA","BR-116 KM 319","-22.495150","-44.571528"
"DEL.07/PST.02 - Posto Floriano","BR-393 km 275  BARRA DO PIRAI","S 22G 28M ","W 44G 0M 2"
"DEL.04/PST.03 - NAO UTILIZADO NESSA DELEGACIA","NÃO INFORMADO","          ","          "
"PST.03 - Posto Oiapoque","NÃO INFORMADO","3.7770000 ","-51.790750"
"DEL.02/PST.01 - Posto de São José dos Campos","BR-116, Km 156","-23.249389","-45.935333"
"DEL.03/PST.04 - Base do GEFRON - DESATIVADO",NULL,"          ","          "
"5ª SUPERINTENDÊNCIA REGIONAL DE POLÍCIA RODOVIÁRIA FEDERAL","Rod. Presid. Dutra, Km 163 - Vigário Geral","-22.819533","-43.328008"
"DEL.01 - SEDE DEL. DUQUE DE CAXIAS","BR 040, KM 109","-22.674778","-43.284917"
"DEL.02 - SEDE DEL. DE NITERÓI","BR 101 km 322 SENTIDO RJ","S 22G 52M ","W 43G 6M 5"
"DEL.03 - SEDE DEL. ITAGUAÍ","BR 101 km 394","-22.859111","-43.758750"
"DEL.04 - SEDE DEL. MAGÉ","BR 116 km 122","-22.659861","-43.090944"
"DEL.05 - SEDE DEL. BARRA DO PIRAI","Av. Desembargador Admário Alves de Mendonça, 121 - Centro","S 22G 42M ","W 42G 37M "
"DEL.06 - SEDE DEL. DE PETROPOLIS","BR 116 km 227 SENTIDO RJ","S 22G 40M ","W 43G 50M "
"DEL.07 - SEDE DEL. DE RESENDE","BR 393 km 255 SENTIDO TRÊS RIOS","DEL07.RJ@DPRF.G","51949"
"DEL.08 - SEDE DEL. DE CAMPOS DOS GOYTACAZES","BR 040 km 47 SENTIDO RJ","S 22G 17M ","W 43G 7M 4"
"DEL.09 - SEDE DEL. RESENDE","BR 116 km 304","-22.455556","-44.425278"
"DEL.09/NPF/PST.04 - BALANÇA","BR 116 km 301","-22.455556","-44.442778"
"DEL.10 - SEDE DEL CAMPOS","Rua Silvio Bastos Tavares, 59 ? Parque Rodoviário","848805","-21.753889"
"17ª SRPRF/PI ? NÚCLEO DE REGISTRO DE ACIDENTES E MEDICINA","AV. JOÃO XXIII  N.º 1516   B. DOS NOIVOS","          ","          "
"18ª SRPRF/MA ? NÚCLEO DE REGISTRO DE ACIDENTES E MEDICINA","BR-135, KM 01 Nº 3737, TIRIRICAL","          ","          "
"19ª SRPRF/PA ? NÚCLEO DE REGISTRO DE ACIDENTES E MEDICINA","TRAVESSA D. PEDRO I, Nº 52  BAIRRO  UMARIZAL","          ","          "
"20ª SRPRF/SE ? NÚCLEO DE REGISTRO DE ACIDENTES E MEDICINA","AV. MARANHÃO, 1890 - BAIRRO SANTOS DUMONT","          ","          "
"21ª SRPRF/RO ? NÚCLEO DE REGISTRO DE ACIDENTES E MEDICINA","AV. PINHEIRO MACHADO, 1276, CENTRO","          ","          "
"1ºDRPRF/DF ? NÚCLEO DE REGISTRO DE ACIDENTES E MEDICINA","BR-040, KM 001 ALFA - SANTA MARIA","          ","          "
"2ºDRPRF/TO ? NÚCLEO DE REGISTRO DE ACIDENTES E MEDICINA","QUADRA 103 SUL, SO 11 LOTE 30 PALMAS","          ","          "
"3ºDRPRF/AM ? NÚCLEO DE REGISTRO DE ACIDENTES E MEDICINA","AVENIDA MÁRIO IPIRANGA 2479, CONJUNTO DNER, BAIRRO PARQUE 10","          ","          "
"4ºDRPRF/AP ? NÚCLEO DE REGISTRO DE ACIDENTES E MEDICINA","BR- 210, KM 00 Nº 201 - SÃO LÁZARO","          ","          "
"5ºDRPRF/RR ? NÚCLEO DE REGISTRO DE ACIDENTES E MEDICINA","RUA PROFESSOR DIOMEDES, SÃO VICENTE, BOA VISTA","          ","          "
"DEL.05/PST.02 - Xapuri / AC 02","BR-364, Km 117","          ","          "
"DEL.08/PST.02 - Posto Trevo Bom Jesus","BR-356","          ","          "
"COORDENAÇÃO-GERAL DE PLANEJAMENTO E MODERNIZAÇÃO RODOVIÁRIA","SEPN 506 BLOCO C PROJEÇÃO 08","          ","          "
"DIVISÃO DE ADMINISTRAÇÃO DE SISTEMAS","SEPN 506 BLOCO C PROJEÇÃO 08","          ","          "
"DIVISÃO DE TELEMÁTICA","SEPN 506 BLOCO C PROJEÇÃO 08","          ","          "
"DEL.03/PST.02-  Posto de Rio Maria","BR-222","          ","          "
"DEL.03/PST.03-  Posto de Redenção","BR-155","          ","          "
"DEL.03/PST.04-  Posto de São Geraldo do Araguaia","BR-155","          ","          "
"DEL.03/PST.05-  Posto de Novo Repartimento","BR-230","          ","          "
"14º Cia Barcelona","PRAÇA ANTÔNIO MOURÃO GUIMARÃES, 100","          ","          "
"15º Cia Teófilo Otoni","PRAÇA ANTÔNIO MOURÃO GUIMARÃES, 100","          ","          "
"16º Cia Unaí","PRAÇA ANTÔNIO MOURÃO GUIMARÃES, 100","          ","          "
"17ª Cia Pouso Alegre","PRAÇA ANTÔNIO MOURÃO GUIMARÃES, 100","          ","          "
"18ª Cia Poços de caudas","PRAÇA ANTÔNIO MOURÃO GUIMARÃES, 100","          ","          "
"BPMRv -  BH","PRAÇA ANTÔNIO MOURÃO GUIMARÃES, 100","          ","          "
"DEL.04/PST.04 - Posto Itajaí","BR-101, Km 135","          ","          "
         